{"cameraMode":{"drawMode":0,"name":"Shaded","section":"Shading Mode"},"sceneLighting":false,"audioPlay":false,"sceneViewState":{"m_AlwaysRefresh":false,"showFog":true,"showSkybox":false,"showFlares":true,"showImageEffects":true,"showParticleSystems":true,"showVisualEffectGraphs":true,"m_FxEnabled":true},"in2DMode":false,"pivot":{"x":-2.244999885559082,"y":0.7120000123977661,"z":0.029999999329447748},"rotation":{"x":-0.07112566381692887,"y":0.9279705882072449,"z":-0.2842246890068054,"w":-0.23088225722312928},"size":0.043301310390233996,"orthographic":false}