{"cameraMode":{"drawMode":0,"name":"Shaded","section":"Shading Mode"},"sceneLighting":true,"audioPlay":false,"sceneViewState":{"m_AlwaysRefresh":false,"showFog":true,"showSkybox":true,"showFlares":true,"showImageEffects":true,"showParticleSystems":true,"showVisualEffectGraphs":true,"m_FxEnabled":true},"in2DMode":false,"pivot":{"x":-1.8685081005096436,"y":-2.247649908065796,"z":1.2639261484146119},"rotation":{"x":0.012690940871834755,"y":-0.9773126244544983,"z":0.20250383019447328,"w":0.06140461191534996},"size":6.310063362121582,"orthographic":false}