{"cameraMode":{"drawMode":0,"name":"Shaded","section":"Shading Mode"},"sceneLighting":true,"audioPlay":false,"sceneViewState":{"m_AlwaysRefresh":false,"showFog":true,"showSkybox":true,"showFlares":true,"showImageEffects":true,"showParticleSystems":true,"showVisualEffectGraphs":true,"m_FxEnabled":true},"in2DMode":false,"pivot":{"x":0.35985350608825686,"y":0.450944185256958,"z":-0.6275146007537842},"rotation":{"x":-0.015139522962272168,"y":-0.8673084378242493,"z":0.026254825294017793,"w":-0.49708864092826846},"size":4.409626007080078,"orthographic":false}