{"cameraMode":{"drawMode":0,"name":"Shaded","section":"Shading Mode"},"sceneLighting":false,"audioPlay":false,"sceneViewState":{"m_AlwaysRefresh":false,"showFog":true,"showSkybox":false,"showFlares":true,"showImageEffects":true,"showParticleSystems":true,"showVisualEffectGraphs":true,"m_FxEnabled":true},"in2DMode":false,"pivot":{"x":-0.44999998807907107,"y":0.4620000123977661,"z":0.3760000467300415},"rotation":{"x":-0.29276299476623537,"y":0.03693027421832085,"z":-0.011351699009537697,"w":-0.9555310010910034},"size":0.4898979067802429,"orthographic":false}