{"cameraMode":{"drawMode":0,"name":"Shaded","section":"Shading Mode"},"sceneLighting":false,"audioPlay":false,"sceneViewState":{"m_AlwaysRefresh":false,"showFog":true,"showSkybox":false,"showFlares":true,"showImageEffects":true,"showParticleSystems":true,"showVisualEffectGraphs":true,"m_FxEnabled":true},"in2DMode":false,"pivot":{"x":0.15549993515014649,"y":0.20600008964538575,"z":-0.06017327308654785},"rotation":{"x":-0.2084287852048874,"y":-0.6779406070709229,"z":0.20993328094482423,"w":-0.6730188727378845},"size":6.470818519592285,"orthographic":false}